{
    "pr_auc": 0.44484385183841585,
    "roc_auc": 0.8639241395792986,
    "log_loss": 0.1457373248518599,
    "f1": 0.4424098564485136,
    "confusion_matrix": [
        [
            170272,
            765
        ],
        [
            4168,
            1957
        ]
    ]
}